{
  "accuracy": [
    0.4266989825011712,
    0.5793850297242109,
    0.5566995035469207,
    0.6327502264263907,
    0.8131113713385214,
    0.8725345751521588,
    0.7828846139645554,
    0.8029334395777518,
    0.8810326583289052,
    0.9415125007673801,
    0.8500255942003043,
    0.8524533574873099,
    0.9120968046796107,
    0.9147722657310011,
    0.952555510835986,
    0.9674478726121248,
    0.9518684855919889,
    0.8895503344480081,
    0.9728552408546819,
    0.9687281339708803,
    0.8880737133136906,
    0.9598867548746277,
    0.99,
    0.9548001099524255,
    0.99,
    0.9319748360788779,
    0.9607640232792601,
    0.99,
    0.99,
    0.9644980013629302
  ],
  "loss": [
    0.8946256637573242,
    0.77907395362854,
    0.6857999563217163,
    0.6554986238479614,
    0.4893476366996765,
    0.412462055683136,
    0.4501054883003235,
    0.40908750891685486,
    0.30134063959121704,
    0.2616632282733917,
    0.43508854508399963,
    0.4071420133113861,
    0.3332254886627197,
    0.32676780223846436,
    0.28078651428222656,
    0.31988653540611267,
    0.30201688408851624,
    0.3336700201034546,
    0.26682713627815247,
    0.24105007946491241,
    0.23767784237861633,
    0.2161056101322174,
    0.20666098594665527,
    0.2463304102420807,
    0.15391376614570618,
    0.18334341049194336,
    0.2113114893436432,
    0.16094273328781128,
    0.12140314280986786,
    0.15462186932563782
  ],
  "val_accuracy": [
    0.4126516676195745,
    0.463108655120005,
    0.5904174264659947,
    0.6316580620776943,
    0.7442976218665921,
    0.8135619457203596,
    0.7857924924642609,
    0.8783685009475424,
    0.8494720763633871,
    0.8688678286815362,
    0.8524903644025775,
    0.856014079884605,
    0.8401831199050636,
    0.8213323526604863,
    0.8351730636806691,
    0.8726718155255486,
    0.8535070289842758,
    0.8407443762333462,
    0.8293661119994201,
    0.8620034681816543,
    0.831823626197971,
    0.8348268498876434,
    0.8456489923956969,
    0.8668759941216586,
    0.8526026814167796,
    0.86928301348186,
    0.8872236576038992,
    0.9178135914677211,
    0.9250177086676463,
    0.8861309219242824
  ],
  "val_loss": [
    0.8166929483413696,
    0.7227174043655396,
    0.6360568404197693,
    0.5591155290603638,
    0.49413785338401794,
    0.43622025847435,
    0.3889892101287842,
    0.34991711378097534,
    0.3205238878726959,
    0.2945876717567444,
    0.28595343232154846,
    0.27750977873802185,
    0.2699982225894928,
    0.26294776797294617,
    0.2575933337211609,
    0.25293850898742676,
    0.2484000027179718,
    0.243406742811203,
    0.23780648410320282,
    0.23260311782360077,
    0.22783367335796356,
    0.22295346856117249,
    0.2178613841533661,
    0.21386852860450745,
    0.20983727276325226,
    0.20569553971290588,
    0.20114246010780334,
    0.19677472114562988,
    0.19221414625644684,
    0.18789835274219513
  ],
  "learning_rate": [
    9.999999747378752e-05,
    9.999999747378752e-05,
    9.999999747378752e-05,
    9.999999747378752e-05,
    9.999999747378752e-05,
    9.999999747378752e-05,
    9.999999747378752e-05,
    9.999999747378752e-05,
    9.999999747378752e-05,
    9.999999747378752e-05,
    9.999999747378752e-06,
    9.999999747378752e-06,
    9.999999747378752e-06,
    9.999999747378752e-06,
    9.999999747378752e-06,
    9.999999747378752e-06,
    9.999999747378752e-06,
    9.999999747378752e-06,
    9.999999747378752e-06,
    9.999999747378752e-06,
    9.999999747378752e-06,
    9.999999747378752e-06,
    9.999999747378752e-06,
    9.999999747378752e-06,
    9.999999747378752e-06,
    9.999999747378752e-06,
    9.999999747378752e-06,
    9.999999747378752e-06,
    9.999999747378752e-06,
    9.999999747378752e-06
  ]
}