{
  "accuracy": [
    0.44999998807907104,
    0.574999988079071,
    0.550000011920929,
    0.625,
    0.824999988079071,
    0.875,
    0.800000011920929,
    0.824999988079071,
    0.8999999761581421,
    0.949999988079071,
    0.824999988079071,
    0.8500000238418579,
    0.8999999761581421,
    0.925000011920929,
    0.9750000238418579,
    0.949999988079071,
    0.925000011920929,
    0.875,
    0.949999988079071,
    0.9750000238418579,
    0.875,
    0.949999988079071,
    1.0,
    0.925000011920929,
    1.0,
    0.949999988079071,
    0.9750000238418579,
    1.0,
    1.0,
    0.9750000238418579
  ],
  "loss": [
    0.8946256637573242,
    0.77907395362854,
    0.6857999563217163,
    0.6554986238479614,
    0.4893476366996765,
    0.412462055683136,
    0.4501054883003235,
    0.40908750891685486,
    0.30134063959121704,
    0.2616632282733917,
    0.43508854508399963,
    0.4071420133113861,
    0.3332254886627197,
    0.32676780223846436,
    0.28078651428222656,
    0.31988653540611267,
    0.30201688408851624,
    0.3336700201034546,
    0.26682713627815247,
    0.24105007946491241,
    0.23767784237861633,
    0.2161056101322174,
    0.20666098594665527,
    0.2463304102420807,
    0.15391376614570618,
    0.18334341049194336,
    0.2113114893436432,
    0.16094273328781128,
    0.12140314280986786,
    0.15462186932563782
  ],
  "val_accuracy": [
    0.4000000059604645,
    0.44999998807907104,
    0.6000000238418579,
    0.6499999761581421,
    0.75,
    0.800000011920929,
    0.800000011920929,
    0.8500000238418579,
    0.8500000238418579,
    0.8500000238418579,
    0.8500000238418579,
    0.8500000238418579,
    0.8500000238418579,
    0.8500000238418579,
    0.8500000238418579,
    0.8500000238418579,
    0.8500000238418579,
    0.8500000238418579,
    0.8500000238418579,
    0.8500000238418579,
    0.8500000238418579,
    0.8500000238418579,
    0.8500000238418579,
    0.8500000238418579,
    0.8500000238418579,
    0.8500000238418579,
    0.8999999761581421,
    0.8999999761581421,
    0.8999999761581421,
    0.8999999761581421
  ],
  "val_loss": [
    0.8166929483413696,
    0.7227174043655396,
    0.6360568404197693,
    0.5591155290603638,
    0.49413785338401794,
    0.43622025847435,
    0.3889892101287842,
    0.34991711378097534,
    0.3205238878726959,
    0.2945876717567444,
    0.28595343232154846,
    0.27750977873802185,
    0.2699982225894928,
    0.26294776797294617,
    0.2575933337211609,
    0.25293850898742676,
    0.2484000027179718,
    0.243406742811203,
    0.23780648410320282,
    0.23260311782360077,
    0.22783367335796356,
    0.22295346856117249,
    0.2178613841533661,
    0.21386852860450745,
    0.20983727276325226,
    0.20569553971290588,
    0.20114246010780334,
    0.19677472114562988,
    0.19221414625644684,
    0.18789835274219513
  ],
  "learning_rate": [
    9.999999747378752e-05,
    9.999999747378752e-05,
    9.999999747378752e-05,
    9.999999747378752e-05,
    9.999999747378752e-05,
    9.999999747378752e-05,
    9.999999747378752e-05,
    9.999999747378752e-05,
    9.999999747378752e-05,
    9.999999747378752e-05,
    9.999999747378752e-06,
    9.999999747378752e-06,
    9.999999747378752e-06,
    9.999999747378752e-06,
    9.999999747378752e-06,
    9.999999747378752e-06,
    9.999999747378752e-06,
    9.999999747378752e-06,
    9.999999747378752e-06,
    9.999999747378752e-06,
    9.999999747378752e-06,
    9.999999747378752e-06,
    9.999999747378752e-06,
    9.999999747378752e-06,
    9.999999747378752e-06,
    9.999999747378752e-06,
    9.999999747378752e-06,
    9.999999747378752e-06,
    9.999999747378752e-06,
    9.999999747378752e-06
  ]
}