{
  "classical_cnn": {
    "accuracy": 0.8760683760683761,
    "precision": 0.8666666666666667,
    "recall": 0.8888888888888888,
    "f1_score": 0.8776371308016878,
    "roc_auc": 0.9492293082036671
  },
  "hybrid_quantum": {
    "accuracy": 0.9700854700854701,
    "precision": 0.9824561403508771,
    "recall": 0.9572649572649573,
    "f1_score": 0.9696969696969697,
    "roc_auc": 0.9986120242530498
  },
  "complexity": {
    "classical_time_sec": 120.0,
    "hybrid_time_sec": 420.0,
    "classical_params": 1854593,
    "hybrid_params": 24
  }
}