{
  "classical_cnn": {
    "accuracy": 0.9273504273504274,
    "precision": 1.0,
    "recall": 0.8547008547008547,
    "f1_score": 0.9216589861751152,
    "roc_auc": 0.9981006647673314
  },
  "hybrid_quantum": {
    "accuracy": 0.9358974358974359,
    "precision": 0.8923076923076924,
    "recall": 0.9914529914529915,
    "f1_score": 0.9392712550607287,
    "roc_auc": 0.9983198188326394
  },
  "complexity": {
    "classical_time_sec": 120.0,
    "hybrid_time_sec": 420.0,
    "classical_params": 1854593,
    "hybrid_params": 24
  }
}