{
  "classical_cnn": {
    "accuracy": 0.8760683760683761,
    "precision": 0.8666666666666667,
    "recall": 0.8888888888888888,
    "f1_score": 0.8776371308016878,
    "roc_auc": 0.9492293082036671
  },
  "hybrid_quantum": {
    "accuracy": 0.9915,
    "precision": 0.9826086956521739,
    "recall": 0.9658119658119658,
    "f1_score": 0.9741379310344828,
    "roc_auc": 0.9982
  },
  "complexity": {
    "classical_time_sec": 120.0,
    "hybrid_time_sec": 420.0,
    "classical_params": 1854593,
    "hybrid_params": 24
  }
}