{
  "accuracy": [
    0.5,
    0.5249999761581421,
    0.550000011920929,
    0.6000000238418579,
    0.625,
    0.6499999761581421,
    0.675000011920929,
    0.675000011920929,
    0.6499999761581421,
    0.6499999761581421,
    0.6499999761581421,
    0.6499999761581421,
    0.6499999761581421,
    0.6499999761581421,
    0.6499999761581421,
    0.625,
    0.625,
    0.625,
    0.6000000238418579,
    0.6499999761581421,
    0.675000011920929,
    0.699999988079071,
    0.699999988079071,
    0.699999988079071,
    0.699999988079071,
    0.7749999761581421,
    0.824999988079071,
    0.824999988079071,
    0.824999988079071,
    0.8500000238418579,
    0.8999999761581421,
    0.925000011920929,
    0.925000011920929,
    0.925000011920929,
    0.925000011920929,
    0.925000011920929,
    0.925000011920929,
    0.925000011920929,
    0.925000011920929,
    0.925000011920929,
    0.925000011920929,
    0.925000011920929,
    0.925000011920929,
    0.8999999761581421,
    0.875,
    0.875,
    0.875,
    0.875,
    0.875,
    0.875
  ],
  "loss": [
    0.7291044592857361,
    0.7177971601486206,
    0.7080322504043579,
    0.6991329193115234,
    0.6906840205192566,
    0.6822932362556458,
    0.6736820340156555,
    0.6647096872329712,
    0.6553434133529663,
    0.6456188559532166,
    0.6356087327003479,
    0.6253950595855713,
    0.6150518655776978,
    0.6046397089958191,
    0.5942171812057495,
    0.5838612914085388,
    0.5736842155456543,
    0.563834547996521,
    0.5544788837432861,
    0.5457732081413269,
    0.5378335118293762,
    0.5307174921035767,
    0.5244193077087402,
    0.5188790559768677,
    0.514000654220581,
    0.5096722841262817,
    0.50578373670578,
    0.5022392868995667,
    0.4989638328552246,
    0.49590522050857544,
    0.4930323660373688,
    0.49033108353614807,
    0.4877989888191223,
    0.4854399263858795,
    0.4832588732242584,
    0.4812587797641754,
    0.47943800687789917,
    0.4777902662754059,
    0.47630438208580017,
    0.4749663770198822,
    0.47376012802124023,
    0.47266918420791626,
    0.47167783975601196,
    0.47077178955078125,
    0.46993890404701233,
    0.4691688120365143,
    0.4684532582759857,
    0.4677855372428894,
    0.46716052293777466,
    0.4665738642215729
  ],
  "val_accuracy": [
    0.44999998807907104,
    0.44999998807907104,
    0.44999998807907104,
    0.5,
    0.5,
    0.550000011920929,
    0.550000011920929,
    0.5,
    0.550000011920929,
    0.550000011920929,
    0.550000011920929,
    0.550000011920929,
    0.6000000238418579,
    0.6499999761581421,
    0.6499999761581421,
    0.6499999761581421,
    0.6499999761581421,
    0.6499999761581421,
    0.6000000238418579,
    0.6000000238418579,
    0.699999988079071,
    0.75,
    0.75,
    0.800000011920929,
    0.800000011920929,
    0.8500000238418579,
    0.8500000238418579,
    0.949999988079071,
    0.949999988079071,
    1.0,
    1.0,
    1.0,
    1.0,
    1.0,
    1.0,
    1.0,
    1.0,
    1.0,
    1.0,
    1.0,
    1.0,
    1.0,
    1.0,
    1.0,
    1.0,
    1.0,
    1.0,
    1.0,
    1.0,
    1.0
  ],
  "val_loss": [
    0.7022088766098022,
    0.6942222118377686,
    0.68708336353302,
    0.6803354024887085,
    0.6735104322433472,
    0.6662904024124146,
    0.6585330963134766,
    0.6502245664596558,
    0.6414341926574707,
    0.6322839856147766,
    0.6229188442230225,
    0.6134742498397827,
    0.6040475368499756,
    0.5946853160858154,
    0.5853922367095947,
    0.5761559009552002,
    0.5669742822647095,
    0.5578715801239014,
    0.5488985776901245,
    0.5401217937469482,
    0.5316069722175598,
    0.523405909538269,
    0.5155495405197144,
    0.5080480575561523,
    0.5008971691131592,
    0.4940853714942932,
    0.4876015782356262,
    0.4814402461051941,
    0.47560447454452515,
    0.4701063632965088,
    0.4649645686149597,
    0.46020156145095825,
    0.45583826303482056,
    0.45189031958580017,
    0.44836458563804626,
    0.44525694847106934,
    0.4425519108772278,
    0.4402239918708801,
    0.4382399022579193,
    0.43656134605407715,
    0.435148149728775,
    0.43396061658859253,
    0.4329618811607361,
    0.4321190416812897,
    0.43140363693237305,
    0.43079209327697754,
    0.4302650988101959,
    0.4298070967197418,
    0.4294056296348572,
    0.4290509819984436
  ]
}