{
  "accuracy": [
    0.47813480809493175,
    0.5286058619741779,
    0.5581706147303434,
    0.6226054797609392,
    0.6022975176213078,
    0.6572844258342803,
    0.6499910267997984,
    0.679499476202321,
    0.6429987647415148,
    0.6398792814398763,
    0.6369998317671843,
    0.6546417468199542,
    0.635583532048249,
    0.6409733066971682,
    0.6486530005272796,
    0.5958584552771582,
    0.6470156505913871,
    0.6292783805639643,
    0.5937820288398734,
    0.6362907839281657,
    0.6922546831457561,
    0.7040012969576003,
    0.685430188817894,
    0.6851638700940457,
    0.7088306549052602,
    0.7609381851616078,
    0.8382072363429809,
    0.8108309567871036,
    0.840225664233688,
    0.8605818124970541,
    0.8978528714865841,
    0.9499704252532011,
    0.9272338436275047,
    0.9483035046645971,
    0.951166310458453,
    0.9137682493289666,
    0.9074034664372925,
    0.9067513364348346,
    0.9156683084660344,
    0.8991403504908132,
    0.9106728630906125,
    0.9505685053814901,
    0.9318612179727678,
    0.9038025942897807,
    0.8631244680018514,
    0.8580293173183494,
    0.9017876943643264,
    0.8503270922277363,
    0.8908848601361965,
    0.8811332273439092
  ],
  "loss": [
    0.7291044592857361,
    0.7177971601486206,
    0.7080322504043579,
    0.6991329193115234,
    0.6906840205192566,
    0.6822932362556458,
    0.6736820340156555,
    0.6647096872329712,
    0.6553434133529663,
    0.6456188559532166,
    0.6356087327003479,
    0.6253950595855713,
    0.6150518655776978,
    0.6046397089958191,
    0.5942171812057495,
    0.5838612914085388,
    0.5736842155456543,
    0.563834547996521,
    0.5544788837432861,
    0.5457732081413269,
    0.5378335118293762,
    0.5307174921035767,
    0.5244193077087402,
    0.5188790559768677,
    0.514000654220581,
    0.5096722841262817,
    0.50578373670578,
    0.5022392868995667,
    0.4989638328552246,
    0.49590522050857544,
    0.4930323660373688,
    0.49033108353614807,
    0.4877989888191223,
    0.4854399263858795,
    0.4832588732242584,
    0.4812587797641754,
    0.47943800687789917,
    0.4777902662754059,
    0.47630438208580017,
    0.4749663770198822,
    0.47376012802124023,
    0.47266918420791626,
    0.47167783975601196,
    0.47077178955078125,
    0.46993890404701233,
    0.4691688120365143,
    0.4684532582759857,
    0.4677855372428894,
    0.46716052293777466,
    0.4665738642215729
  ],
  "val_accuracy": [
    0.45222257392627374,
    0.4648912458282675,
    0.45607747472304405,
    0.5075575374923313,
    0.494089998921449,
    0.5623649343794468,
    0.5236083200015852,
    0.5057871050776798,
    0.5539587833114245,
    0.5254356971471985,
    0.548854029011307,
    0.5321267127669231,
    0.5947614813146367,
    0.645157108212136,
    0.6226022442906668,
    0.6356129963692964,
    0.6276669340960996,
    0.6476401888709352,
    0.6030121184203868,
    0.5703465924511685,
    0.6749713555784551,
    0.7459542558469103,
    0.7514318742850842,
    0.8227334488777677,
    0.8199170922286977,
    0.8725728754558989,
    0.8228478663834263,
    0.9243947902859447,
    0.9590732435814919,
    0.98,
    0.98,
    0.9732645497948098,
    0.98,
    0.9716474473616235,
    0.98,
    0.9758243821656637,
    0.98,
    0.98,
    0.9780983076042221,
    0.98,
    0.9751296726084948,
    0.98,
    0.9773110839487589,
    0.98,
    0.98,
    0.98,
    0.9744903886060678,
    0.98,
    0.98,
    0.9744721433960374
  ],
  "val_loss": [
    0.7022088766098022,
    0.6942222118377686,
    0.68708336353302,
    0.6803354024887085,
    0.6735104322433472,
    0.6662904024124146,
    0.6585330963134766,
    0.6502245664596558,
    0.6414341926574707,
    0.6322839856147766,
    0.6229188442230225,
    0.6134742498397827,
    0.6040475368499756,
    0.5946853160858154,
    0.5853922367095947,
    0.5761559009552002,
    0.5669742822647095,
    0.5578715801239014,
    0.5488985776901245,
    0.5401217937469482,
    0.5316069722175598,
    0.523405909538269,
    0.5155495405197144,
    0.5080480575561523,
    0.5008971691131592,
    0.4940853714942932,
    0.4876015782356262,
    0.4814402461051941,
    0.47560447454452515,
    0.4701063632965088,
    0.4649645686149597,
    0.46020156145095825,
    0.45583826303482056,
    0.45189031958580017,
    0.44836458563804626,
    0.44525694847106934,
    0.4425519108772278,
    0.4402239918708801,
    0.4382399022579193,
    0.43656134605407715,
    0.435148149728775,
    0.43396061658859253,
    0.4329618811607361,
    0.4321190416812897,
    0.43140363693237305,
    0.43079209327697754,
    0.4302650988101959,
    0.4298070967197418,
    0.4294056296348572,
    0.4290509819984436
  ]
}