{
  "accuracy": [
    0.8220183253288269,
    0.988990843296051,
    0.9990825653076172,
    0.9981651306152344,
    1.0,
    1.0,
    0.9981651306152344,
    0.9990825653076172,
    0.9990825653076172,
    1.0,
    0.9706422090530396,
    0.9935779571533203,
    0.9981651306152344,
    0.9963302612304688,
    0.9981651306152344,
    0.9954128265380859,
    0.9981651306152344,
    0.9990825653076172,
    0.9990825653076172,
    0.9963302612304688,
    0.9981651306152344,
    0.9990825653076172,
    0.9990825653076172,
    1.0,
    1.0,
    1.0,
    1.0,
    1.0,
    1.0,
    0.9990825653076172
  ],
  "loss": [
    0.3760793209075928,
    0.0821080282330513,
    0.03938794136047363,
    0.023837566375732422,
    0.016307011246681213,
    0.012321108020842075,
    0.00990201160311699,
    0.008780524134635925,
    0.007370317820459604,
    0.004559386987239122,
    0.09125664085149765,
    0.03285897150635719,
    0.01722545549273491,
    0.016780521720647812,
    0.011464820243418217,
    0.013539670035243034,
    0.011318630538880825,
    0.007085869088768959,
    0.008998868055641651,
    0.010177534073591232,
    0.008658879436552525,
    0.005260455422103405,
    0.0063993013463914394,
    0.006297921761870384,
    0.0038774372078478336,
    0.005462976172566414,
    0.0033772082533687353,
    0.0038688795175403357,
    0.003529790323227644,
    0.005113998893648386
  ],
  "val_accuracy": [
    0.9786324501037598,
    1.0,
    1.0,
    1.0,
    1.0,
    1.0,
    1.0,
    1.0,
    1.0,
    1.0,
    1.0,
    1.0,
    1.0,
    1.0,
    1.0,
    1.0,
    1.0,
    1.0,
    1.0,
    1.0,
    1.0,
    1.0,
    1.0,
    1.0,
    1.0,
    1.0,
    1.0,
    1.0,
    1.0,
    1.0
  ],
  "val_loss": [
    0.12303121387958527,
    0.04524347186088562,
    0.023226112127304077,
    0.014449313282966614,
    0.010132655501365662,
    0.007557124365121126,
    0.006151272915303707,
    0.004442334640771151,
    0.0035832803696393967,
    0.0034979942720383406,
    0.00516102509573102,
    0.004381115548312664,
    0.0031633737962692976,
    0.0027638915926218033,
    0.0028528047259896994,
    0.0031970336567610502,
    0.0019721779972314835,
    0.001857536961324513,
    0.001994622638449073,
    0.0030880686827003956,
    0.0020953749772161245,
    0.0012722370447590947,
    0.000928371911868453,
    0.0007861166377551854,
    0.0006735032075084746,
    0.0006274263141676784,
    0.0005088129546493292,
    0.0004813295090571046,
    0.00045784973190166056,
    0.0004326985508669168
  ],
  "learning_rate": [
    9.999999747378752e-05,
    9.999999747378752e-05,
    9.999999747378752e-05,
    9.999999747378752e-05,
    9.999999747378752e-05,
    9.999999747378752e-05,
    9.999999747378752e-05,
    9.999999747378752e-05,
    9.999999747378752e-05,
    9.999999747378752e-05,
    9.999999747378752e-06,
    9.999999747378752e-06,
    9.999999747378752e-06,
    9.999999747378752e-06,
    9.999999747378752e-06,
    9.999999747378752e-06,
    9.999999747378752e-06,
    9.999999747378752e-06,
    9.999999747378752e-06,
    9.999999747378752e-06,
    9.999999747378752e-06,
    4.999999873689376e-06,
    4.999999873689376e-06,
    4.999999873689376e-06,
    4.999999873689376e-06,
    4.999999873689376e-06,
    4.999999873689376e-06,
    4.999999873689376e-06,
    4.999999873689376e-06,
    4.999999873689376e-06
  ]
}