{
  "accuracy": [
    0.6100917458534241,
    0.8715596199035645,
    0.9743119478225708,
    1.0,
    1.0,
    1.0,
    1.0,
    1.0,
    1.0,
    1.0,
    1.0,
    1.0,
    1.0,
    1.0,
    1.0,
    1.0,
    1.0,
    1.0,
    1.0,
    1.0,
    1.0,
    1.0,
    1.0,
    1.0,
    1.0,
    1.0,
    1.0,
    1.0,
    1.0,
    1.0,
    1.0,
    1.0,
    1.0,
    1.0,
    1.0,
    1.0
  ],
  "loss": [
    0.673563539981842,
    0.4451347887516022,
    0.25312551856040955,
    0.1538010984659195,
    0.11285747587680817,
    0.10694729536771774,
    0.1040375679731369,
    0.10197114944458008,
    0.10050542652606964,
    0.09966404736042023,
    0.09926507622003555,
    0.09908992052078247,
    0.09900857508182526,
    0.09896516054868698,
    0.09893811494112015,
    0.09891922771930695,
    0.0989053025841713,
    0.0988948866724968,
    0.09888718277215958,
    0.09888163954019547,
    0.09887784719467163,
    0.09887538850307465,
    0.09887393563985825,
    0.09887322783470154,
    0.09887301921844482,
    0.09887325763702393,
    0.09887368232011795,
    0.09887425601482391,
    0.09887494146823883,
    0.09887561947107315,
    0.09887629747390747,
    0.09887703508138657,
    0.09887766093015671,
    0.09887828677892685,
    0.0988788977265358,
    0.09887944906949997
  ],
  "val_accuracy": [
    0.8290598392486572,
    0.9529914259910583,
    0.9786324501037598,
    0.995726466178894,
    1.0,
    1.0,
    1.0,
    1.0,
    1.0,
    1.0,
    1.0,
    1.0,
    1.0,
    1.0,
    1.0,
    1.0,
    1.0,
    1.0,
    1.0,
    1.0,
    1.0,
    1.0,
    1.0,
    1.0,
    1.0,
    1.0,
    1.0,
    1.0,
    1.0,
    1.0,
    1.0,
    1.0,
    1.0,
    1.0,
    1.0,
    1.0
  ],
  "val_loss": [
    0.5254306793212891,
    0.3000473380088806,
    0.20358134806156158,
    0.12535879015922546,
    0.11316834390163422,
    0.10865652561187744,
    0.10621104389429092,
    0.10452666878700256,
    0.1035173311829567,
    0.10300704836845398,
    0.10276571661233902,
    0.10264196246862411,
    0.10256817936897278,
    0.10251754522323608,
    0.1024792492389679,
    0.10244879871606827,
    0.10242404788732529,
    0.1024039089679718,
    0.10238760709762573,
    0.10237458348274231,
    0.10236433148384094,
    0.10235640406608582,
    0.10235042870044708,
    0.10234609991312027,
    0.1023431047797203,
    0.10234123468399048,
    0.10234024375677109,
    0.10234001278877258,
    0.10234037786722183,
    0.10234124213457108,
    0.10234249383211136,
    0.10234405845403671,
    0.10234588384628296,
    0.10234789550304413,
    0.10235007107257843,
    0.10235237330198288
  ]
}